{
  "intents": [
    {
      "tag": "greeting",
      "patterns": [
        "hi",
        "hello",
        "hey",
        "good morning",
        "good evening"
      ],
      "responses": [
        "Hello! I'm Florence Bot. How can I help you today?",
        "Hi there! I\u2019m here to answer questions about Florence Foundation."
      ],
      "context": [
        "general"
      ]
    },
    {
      "tag": "about",
      "patterns": [
        "what is florence foundation",
        "about foundation",
        "who are you",
        "mission"
      ],
      "responses": [
        "Florence Foundation is a community-focused NGO supporting education, health, and livelihood programs. Our mission is to create opportunities with dignity."
      ],
      "context": [
        "general"
      ]
    },
    {
      "tag": "programs",
      "patterns": [
        "programs",
        "initiatives",
        "projects",
        "what do you do"
      ],
      "responses": [
        "Our key programs include: 1) Education support (after-school & scholarships), 2) Community health camps, 3) Women\u2019s livelihood training, and 4) Disaster relief coordination."
      ]
    },
    {
      "tag": "donate",
      "patterns": [
        "how to donate",
        "donate",
        "support financially",
        "payment options"
      ],
      "responses": [
        "You can donate online (UPI/card/bank transfer). For receipts and 80G eligibility, please share your email after donating."
      ]
    },
    {
      "tag": "volunteer",
      "patterns": [
        "volunteer",
        "how can i help",
        "join as volunteer",
        "internship"
      ],
      "responses": [
        "We welcome volunteers for teaching, event support, and communications. Share your interests and availability, and our team will reach out."
      ]
    },
    {
      "tag": "contact",
      "patterns": [
        "contact",
        "phone",
        "email",
        "reach you"
      ],
      "responses": [
        "Contact us at: hello@florencefoundation.org | +91-90000-00000. Office hours: Mon\u2013Fri, 10 AM\u20136 PM IST."
      ]
    },
    {
      "tag": "location",
      "patterns": [
        "address",
        "location",
        "where are you",
        "office"
      ],
      "responses": [
        "Our head office is in Kolkata, India. We also run field operations in nearby districts."
      ]
    },
    {
      "tag": "events",
      "patterns": [
        "events",
        "upcoming events",
        "workshops",
        "camp"
      ],
      "responses": [
        "Upcoming highlights include monthly health camps and a quarterly volunteer orientation. Please check our site or ask for dates."
      ]
    },
    {
      "tag": "thanks",
      "patterns": [
        "thanks",
        "thank you",
        "ty"
      ],
      "responses": [
        "You're welcome!",
        "Happy to help!"
      ]
    },
    {
      "tag": "fallback",
      "patterns": [],
      "responses": [
        "I\u2019m not sure about that yet. Could you rephrase or ask about programs, donations, volunteering, or contact info?"
      ]
    }
  ]
}